train/target,eng,nld,ita,fra,rus,dan,tur,fin,ind,ukr,pol,por,lat,kor,est,lav,glg,vie,cat,ces,eus,hun,hin,tel
eng,0.9471991579932172,0.819075195226814,0.8915281718686664,0.9343721905903506,0.863402736165149,0.9114401858304296,0.8105084407152132,0.6561307555329433,0.8896289248334919,0.8657795776684987,0.7948111407859596,0.9260897613123216,0.8729067854031556,0.8713831744438869,0.8326929793922458,0.7864244086390126,0.9508934569394062,0.8243877019280875,0.9484260472362877,0.8802139574596318,0.8588503838970741,0.9095288141530916,0.8066558764233183,0.8851963746223565
nld,0.8683194947959303,0.9133105203123628,0.87328739359546,0.926480871041854,0.8548701545317208,0.9017615176151762,0.7919288782339426,0.6410582548969728,0.8928797970187123,0.8839070485006267,0.7928271652041206,0.9222191503087273,0.8578066014906591,0.8711322963706305,0.8113597893548994,0.7287624271511827,0.9461910519951632,0.8065832899079382,0.944973619914309,0.8860023605635218,0.8363560904752023,0.8988439306358381,0.802481755970128,0.8640483383685801
ita,0.878727634194831,0.808897078178468,0.9409809485204702,0.9385675756667664,0.865757424865175,0.9112466124661248,0.814104485066427,0.6699313151869754,0.886615921344751,0.8836177803490503,0.8012209080503625,0.9366878628697816,0.8922659955473816,0.8740592072252885,0.8360246110857358,0.8222146040452519,0.9529423619508264,0.825516762202536,0.9532771502425552,0.8864104367042516,0.8467316870720066,0.9090909090909092,0.8133287900729761,0.8761329305135952
fra,0.8828207227224886,0.810300956392033,0.8986623429266315,0.9778243931675156,0.8590225087984336,0.907181571815718,0.809809209869144,0.6518061561943526,0.8941484300666033,0.8846784302381641,0.8003052270125907,0.9337388259146624,0.8737779498596457,0.870128784077605,0.8355678551277573,0.8158381899211519,0.9505239822652156,0.8056279312141741,0.952303388690202,0.8847027950076592,0.850798920937954,0.905937992643195,0.8021126160661044,0.877643504531722
rus,0.864752660507543,0.7873124506449065,0.8795297932711795,0.9346718609529516,0.9500535923772228,0.9063104916763454,0.7909299770252722,0.6235054693462223,0.8778940691405012,0.8886317616430431,0.7744372376955361,0.9274721223850336,0.8637111605846481,0.861348051513631,0.8304629355974099,0.7902639698320192,0.9514308746473196,0.8017196456487754,0.946655571686555,0.8658182868335803,0.8388462336584354,0.9100543002277106,0.8016866854076157,0.8746223564954683
dan,0.8820605777102093,0.8191629376151619,0.889258208350223,0.9387673559085008,0.8672596993763029,0.9573170731707316,0.8026171211667166,0.6640167896209616,0.8924040596257532,0.8764824992768296,0.7929034719572682,0.9276564371947286,0.8668086342077244,0.8773206221776216,0.8395443187619227,0.8313335618786425,0.950658336692194,0.8162237276359214,0.9480188378598492,0.8872579794580748,0.8549491595766756,0.9118935014888772,0.8096657864099724,0.8806646525679759
tur,0.8628230616302187,0.7884531016934281,0.8717470612079449,0.9275796623713914,0.8576552701984184,0.898664343786295,0.9231844970532416,0.6378148053930298,0.8788455439264193,0.8619226689808119,0.7788630293780999,0.9212054188554052,0.8555802923240732,0.8654457267101522,0.8027620301458932,0.7769626328419609,0.94645976084912,0.7966822998089282,0.9433801919195496,0.8572298535948369,0.8434529985474165,0.9053249255561394,0.8033620126643383,0.8746223564954683
fin,0.8530581218570927,0.7763446521014302,0.8698824483177949,0.9231844970532416,0.8388430798315427,0.8954703832752613,0.7724503046648686,0.8302594759603155,0.8813828100222011,0.843313084562723,0.7703166730255627,0.919638742972998,0.8130868260574968,0.8691252717845793,0.8210591364625595,0.7467946520397669,0.9465269380626092,0.7985930171964565,0.9412910307708652,0.8302591597398358,0.8327038804731272,0.8937642319145209,0.8019990345571741,0.8580060422960725
ind,0.8714185475382996,0.781521453013951,0.8688285366842319,0.9315752672060732,0.8510891490205676,0.9066008517228028,0.7820397562681051,0.6461460188247266,0.9221376466856962,0.8788930672066338,0.7814574589851202,0.9236015113814396,0.8641951408382538,0.8636059541729386,0.8080818936564658,0.8007541995200549,0.9458215773209728,0.802414451971513,0.9472398286179669,0.883422063735215,0.8516704710520855,0.9022595901208618,0.8046965953942699,0.8761329305135952
ukr,0.8471523798386154,0.7717820479073441,0.8623429266315363,0.9192887823394268,0.8634955733540388,0.8910181958962446,0.7613625012486265,0.5876367336555584,0.8743260386933079,0.9339504387233633,0.7470431133155284,0.9188093263293704,0.8177330364921112,0.8199531694263255,0.794137402939359,0.7936921494686322,0.9373572484213356,0.7902553413236061,0.9370418894515068,0.8477938776022702,0.8214152313758041,0.8884217901558942,0.7893346963114405,0.8429003021148036
pol,0.8615951350719214,0.7709923664122137,0.877827320632347,0.9293776845469984,0.8495953142538843,0.9029229578010066,0.7935271201678155,0.6329178326125667,0.8816999682841739,0.8403239803297657,0.9156047310186952,0.9204681596166252,0.8172490562385055,0.8738919551764509,0.8207367204922217,0.751319849160096,0.9509270455461508,0.8094493659892305,0.9445487057823732,0.8474297481228498,0.8373936501348828,0.8995445787353302,0.7968026805236108,0.8700906344410876
por,0.8845749035200562,0.8040712468193384,0.9033644102148358,0.9443612026770551,0.8665676403318507,0.91182733255904,0.7958245929477574,0.6666878656830323,0.8935141135426578,0.8736862404782567,0.7880961465089661,0.9610174177495162,0.8805536734101249,0.8744773373473825,0.8337139632983154,0.8229002399725746,0.9459895203546956,0.8072780962306757,0.954410254594384,0.8883378117073906,0.8489313135505292,0.9164477141355754,0.8069966209501093,0.877643504531722
lat,0.858262191556543,0.7575677809949987,0.8825293879205512,0.9300769153930676,0.8443879919316043,0.8975029036004646,0.7801418439716312,0.6308827270414653,0.8751189343482397,0.8420595892392247,0.7605494086226631,0.9223113077135748,0.9389216919949666,0.7996320454925573,0.810714957414224,0.7620843332190607,0.9348716915222356,0.8028487059232239,0.9409900499274104,0.8400529871173501,0.8244864079684582,0.9024347521457348,0.8074509469858308,0.8700906344410876
kor,0.8539352122558765,0.7719575326840397,0.8689096068098906,0.92628109080012,0.8484981474760944,0.894502516453736,0.7832384377185097,0.5872551513609768,0.8846336822074216,0.8571015331212034,0.7415490270888974,0.9203760022117776,0.8122156616010067,0.9361933433684564,0.8100432574760204,0.7633870414809736,0.9490460835684535,0.7971165537606392,0.9415920116143196,0.8354385876798675,0.8398422909317286,0.902960238220354,0.8074793423630633,0.8700906344410876
est,0.8674424043971465,0.7915240852856015,0.8802594244021078,0.935470981919888,0.8632170617873691,0.9119241192411924,0.8028169014084507,0.7061180361231238,0.8845543926419284,0.868190145598303,0.7803128576879054,0.925260344668694,0.8626464040267157,0.8658638568322462,0.9142642198876918,0.816935207404868,0.949986564557302,0.8116206357477853,0.9470450763074962,0.8804399688606515,0.8422494293421872,0.9147836748992818,0.8048385722804328,0.8700906344410876
lav,0.8457490352005613,0.7312450644906554,0.8458046209971626,0.9079013085605834,0.8297956737869977,0.8830816879597367,0.7543701927879333,0.6036631900279827,0.8777354900095148,0.8566194195352425,0.7526135062953071,0.9177034374712008,0.8259607008034072,0.8221274460612142,0.7806228001827024,0.9107987658553308,0.9403802230283488,0.7920792079207921,0.9385467936687796,0.8505060144145049,0.7857646814691844,0.8568926256787528,0.7964335406195872,0.8580060422960725
cat,0.8744591275874167,0.8082828814600334,0.8941224158897446,0.9390670262711018,0.850937233620566,0.9090205187766164,0.8010188792328439,0.6599465784787586,0.8920076117982874,0.881785748722399,0.7893170545593285,0.938715325776426,0.8822960023231052,0.8751463455427329,0.8332303393428088,0.8185121700377099,0.9526064758833804,0.7942504776793469,0.9742218759958924,0.8927073654604355,0.8517534758248599,0.9111052723769488,0.8032484311554079,0.8746223564954683
ces,0.8413051105133903,0.7609897341405633,0.857640859343332,0.917790430526421,0.8144522183868272,0.8783391405342624,0.7588652482269503,0.5961587382345459,0.8781319378369806,0.8588371420306624,0.7919114841663487,0.914293613491844,0.8140547865647082,0.8104198026425824,0.7808108761653993,0.7843675008570449,0.9438062609162972,0.7777488275143304,0.9379094224708756,0.9384621179779512,0.8121601992114547,0.883692415484323,0.7858704602890649,0.8308157099697885
eus,0.865220442053561,0.7883653593050803,0.8809890555330361,0.930776146239137,0.853241283853925,0.9047619047619048,0.794625911497353,0.6401678962096159,0.8871709483032033,0.8762896538424453,0.7811522319725296,0.9230485669523546,0.8540315555125351,0.8611807994647934,0.8227518203068326,0.8033596160438807,0.9497850329168346,0.7966822998089282,0.9450975532027904,0.8799314432083574,0.9125959742685203,0.905412506568576,0.8045262231308743,0.8731117824773413
hin,0.8659805870658402,0.7882776169167325,0.8774219700040535,0.93067625611827,0.8648374927207204,0.9034068912117692,0.8113075616821497,0.6312007122869498,0.8833650491595306,0.8704078680937228,0.7542922548645555,0.9248917150493042,0.8729067854031556,0.8712995484194681,0.8227786883043606,0.7941035310250257,0.9507591025124278,0.8076254993920444,0.9419106972132716,0.8584226915446623,0.850051877982984,0.9083902609914172,0.9401993355481728,0.8821752265861027
